552.8904817402363,86.31290353799704,40.01864049572032,13.07484700717032,15.434762327582575,25.636329539702274,19.12833484588191,10.173618921777233,8.235064289649017,11.410579264862463,6.973890418361407,7.542189701052848,6.432463079225272,9.126956123742275,5.466252910380717,5.92429615725996,4.04525064615882,4.374646529729944,4.710307345085312,5.075388960016426,3.7243618198262993,3.408112391625764,3.076965302316239,2.713639577763388,2.309318182145944,1.7803984468773706,79
622.5178511738777,101.92787083331496,48.16762994218152,13.120161762402859,14.995295185944997,30.190624415525235,17.58564128394937,8.057500217866618,10.53162911941763,22.075647592544556,6.2949483174597844,9.548579314548988,8.727104965189938,6.824415815062821,11.708825952140614,5.818352382775629,4.250888778275112,5.019531381665729,4.633745771541726,7.403649287938606,5.402596782631008,3.1070370537927374,3.5212118437921163,3.890537285595201,2.623875094403047,2.0548517001443543,84
70.27657612832263,33.143510602239985,964.1248245164752,44.893657504580915,14.210288684174884,8.110226570104714,9.404745501553407,8.736031416920014,19.37894486845471,22.15201374469325,6.837923946615774,10.168652309745084,11.019639123464003,4.559267399614328,150.31732819019817,17.245104648638517,26.369729016907513,5.709965328249382,3.8811325829738053,13.004138660209719,15.554515942465514,6.281897666834993,7.492979515867773,11.956615511560813,5.149913199682487,3.020375104912091,87
898.949304074049,66.64047634182498,31.14974332076963,14.185876860632561,7.842837614851305,6.709151200077031,142.40994998044334,12.866100631828886,17.783237568917684,3.5719228660163935,20.198438040388282,7.245494008384412,5.1816660927725025,24.53897284436971,6.1568266264221165,9.146549015247729,15.830134009593166,9.922752093465533,42.3493427845533,4.170364755453193,5.659180942195235,11.737149490218144,2.782448998070322,10.795094206929207,8.461244850885123,4.715743121065316,88
850.5457171425223,132.84090859047137,64.20449165068567,10.281078994099516,13.51009999809321,23.471955454617273,40.40857471345225,9.432193506305339,16.903232018696144,3.325314792265999,7.999618104629917,11.170691801118664,4.413106699692435,19.379218810296152,2.6125938133191084,8.655739107111003,6.845448027946986,15.09963546617655,30.07152252056403,4.874824606318725,5.332821159856394,12.226746504136827,6.316491444158601,3.8881100077705923,7.3807360820355825,5.809131380956387,90
1108.014854632318,165.89114866871387,20.276669990562368,11.776772942568641,73.95199484104523,30.743284654337913,37.39211062435061,13.943802002992015,10.890134575165575,6.623943581216736,22.80280724482145,10.113607762963511,8.582789815613069,48.823772058822215,5.941114713685238,18.2191825445625,12.756444965314586,7.910163473861758,25.850662286393344,7.27631691651186,4.489709938396118,15.120896236621775,3.491737224147073,9.325494478835026,16.537400040775537,5.253189717885107,76
24.58299876988167,9.930030790157616,21.924370029300917,1167.8669211640954,10.756290945777437,7.778709231613902,4.795189595490228,16.247636533342302,54.14195664104773,8.463325687684119,9.19691610900918,6.360953727387823,12.60825775808189,17.750871544179972,181.4786505671218,19.640343837672845,82.1095978669473,3.690636522936984,13.649825260334183,7.081231870222837,27.879881068482064,14.915292182180565,11.639177016273607,40.71065403992543,33.16985510545783,5.630428359901998,75
1567.1292548850179,107.81264710822143,52.92399833048694,9.168320196389686,43.12744477571687,22.94595782610122,68.98905136680696,28.324925583146978,14.147635958448518,10.129145901300944,25.436600512475707,16.40070334574557,11.094361025549006,239.99142937734723,8.252237990745925,31.87556036701426,13.065204486163566,21.00383502623299,36.274283212202135,15.183755520061823,4.89441901097598,17.790655988792423,6.297926159211784,12.075864880665904,19.334284143988043,7.330497661372647,71
244.92148335743695,6.3259389476443175,14.111658742738655,9.196760263381293,36.55215341853909,17.98600693399203,11.003271392197348,11.939662915217923,21.241747967957053,4.921027046570089,114.0023668584181,19.555969203531276,15.27445203118259,31.923875898646656,12.996218605840113,16.590427788207307,43.55867332970956,10.090943106159102,1573.7443275302649,54.208801235305145,7.333839823520975,73.31188547960483,23.147176332364324,28.34619157575071,25.458055069553666,8.257085620120051,79
2.112425197061384,3.9664718473213725,1.3568158037087414,11.240166934207082,2.424679955933243,9.588808798696846,3.6823447741917334,4.635262446186971,5.007312571629882,3.1810257765464485,3.431047756166663,7.6314448290504515,5.910062704642769,324.68012733757496,5.465243651240598,6.97616257565096,17.895180842722766,4.286982006800827,2.695459335925989,1.7725588795146905,2.936180789838545,13.558690888108686,6.411611582385376,8.482306817197241,59.719902419368736,25.951724246144295,6
13.255351169675123,9.493652734556235,1.8488851969595999,15.728778056160081,6.18149125110358,25.889017325709574,2.875386134313885,11.652512968459632,3.903947615355719,6.710707545746118,4.218956747470656,7.949293891259003,19.38293352513574,519.5074294731021,7.321917040273547,8.648423019621987,3.245033048238838,3.578238564514322,5.31146507099038,4.581092298350995,2.4359436670929426,5.72296523937257,4.953902360604843,10.443318359553814,39.61897923494689,85.5403798520565,10
203.89246317744255,17.925149011658505,23.656630865763873,59.417252112179995,12.00533256214112,5.867278611985967,2.065503226709552,9.15461634460371,5.391034739266615,6.463336354121566,4.10657582746353,4.911547584168147,8.121901530888863,10.347033602767624,34.4766064689029,7.276652200962417,4.504653875250369,1.3932885310787242,3.1204653969034553,3.7444504475570284,2.8364473011461087,1.7911821272282396,2.3260367596230935,14.221496652229689,3.41856555925915,2.5645007666025776,18
636.512852229178,39.05601577728521,13.5726771747577,14.891970217169728,59.37029141408857,24.144775609951466,7.237677221884951,127.51807137485594,7.783078642212786,12.463845095539,5.0654445399704855,11.478551905078348,20.806218596640974,10.587458955007605,18.30520754639292,29.655823331559077,3.8455702753271908,8.42517306440277,6.715144421643345,16.415842871938366,5.630992969672661,2.9362857038213406,9.106291654636152,4.486153520090738,6.164462922228267,9.82412208704045,14
713.6133068725467,43.87183485121932,15.46065832755994,16.95299945032457,66.00417735485826,27.61495924257906,8.333903662918601,142.02079022687394,8.988869083317695,14.220810427970719,5.8063549694779795,13.151246415451169,23.757362963922787,12.090612128202338,20.904916975065134,34.10440746077802,4.382905923033832,9.675224923965288,7.7054889810679015,18.734259389573708,6.41628245121683,3.32144284597598,10.4123199841124,5.133203300531022,7.079009556095116,11.242654056753963,13
9.729676693154033,10.49342075898312,5.988870293396758,8.302595358487451,15.998704021738376,7.145385325886309,17.6861578678363,64.20241866749711,5.413891676274943,132.8514011752559,6.5574389873072505,9.00201576174004,26.309831823688,19.759540433704387,14.522504026826937,22.52900620555738,3.1282821820204845,42.03815103776287,7.723585813102545,32.3523744198028,13.323182603169698,4.813844474774669,12.271678859135136,11.311076392245013,4.082572758605238,697.4623936489224,20
135.97047700651456,698.0120419561863,62.43641821690835,39.886811057454906,24.859655899985228,30.76944144780282,15.086424349050503,7.339554048405262,18.652860606263857,12.538966904336121,3.835480215959251,16.582596652791835,9.918174952093977,6.215826866362477,13.725455864798278,11.565456309181172,6.778668229671894,7.931234693998704,2.897532300761668,4.508691411465406,21.18851098162122,5.682855289807776,8.549997732596239,5.126866598060587,10.720617504208349,9.219384828582406,60
145.29569501185324,768.4716796129942,68.2504235614324,44.39711370685836,27.128533778653946,33.903027812659275,16.153493241989054,8.38177337741945,20.167583114176523,11.412294065230526,4.742448656848865,17.849802108074073,10.526076702633873,7.129525807773462,13.431039697083179,14.745606909389608,6.527288926416077,7.744314235635102,3.052725365268998,4.0183386002318,23.10194417659659,5.965291665488621,9.04915668888134,5.3906298182409955,12.389824771904387,9.77437330209068,65
9.273898501647636,1.9730700503278058,1.2645129178417847,2.6621782992151566,1.6758086104819085,7.254526045755483,4.268360909016337,6.590835983632132,3.6799153729807585,5.501637538080104,2.8871251155796926,5.040658004989382,8.136556489334907,323.9530053138733,2.432967531727627,57.13931790890638,2.2230227789259516,3.968974705261644,16.852996948058717,10.728787730098702,3.3903975037683267,5.972925261245109,4.642494432860985,3.1359841745870654,12.969307626481168,25.38073205179535,7
9.273898501647636,1.9730700503278058,1.2645129178417847,2.6621782992151566,1.6758086104819085,7.254526045755483,4.268360909016337,6.590835983632132,3.6799153729807585,5.501637538080104,2.8871251155796926,5.040658004989382,8.136556489334907,323.9530053138733,2.432967531727627,57.13931790890638,2.2230227789259516,3.968974705261644,16.852996948058717,10.728787730098702,3.3903975037683267,5.972925261245109,4.642494432860985,3.1359841745870654,12.969307626481168,25.38073205179535,9
14.239191469619982,3.349958112463355,4.610497185843997,3.094881615805207,2.3394521641603205,11.727716937544756,5.428934086521622,4.993765826802701,6.483054145355709,2.593811358703533,3.9316306146793067,18.680466604302637,10.056824586121365,8.836619196343236,1.7504807933000848,3.6292280346387997,2.0707122285093646,315.37039355933666,28.6713103284128,62.80054261023179,4.265717253671028,5.940687294816598,7.838323585106991,7.134436928201467,1.3326117029646412,2.828751509950962,12
789.8262148797512,29.134585484978743,13.222137077478692,133.30888065788895,38.6230884771212,15.94586853403598,8.671877130196663,11.083099681709427,9.41824188735336,6.353028540906962,14.46933912037639,8.052278690534877,10.185785680601839,60.35733532393351,17.80118657537969,20.396674261312,7.491585942421807,3.6446517330332426,12.063353592820931,4.2631831526668975,2.7617003459163243,6.905986201687483,4.811758764350088,24.040277160704136,5.321409248310374,5.846469930460444,20
838.5155363604426,31.260527826088946,14.207332096935716,143.58507905656006,41.26869514485588,17.071437056118157,9.34296307011391,11.929537775111385,10.11260857700836,6.83949564746581,15.489711432834156,8.665646855195519,10.979699008807074,64.1029331611935,19.09908183501102,21.806534853298217,8.046400037710555,3.911681201236206,12.97687617392512,4.601050760218641,2.9722777834394947,7.438551315717632,5.191073815978598,25.607479181257077,5.71244340101839,6.265348800283391,26
107.73151804110967,2.5265120797412237,3.8373971668770537,9.637497202318627,11.36990052711917,5.199778441397939,3.286178176960675,24.934936005272903,17.35271031683078,7.1543755038583186,5.677069063618546,6.150732990994584,12.464090602181386,15.276126736949664,32.65517183119664,6.624381729867309,8.26949092344148,8.933592720946763,583.2554602026939,7.713299998926232,4.742045901482925,20.477776060579345,51.20010286022443,4.317441298160702,13.69983362290077,10.512581289338414,76
630.6785017773509,3.5770251802168787,9.540330230200198,10.377032541262452,22.01145996141713,7.642311091389274,4.658712276926963,27.025265296106227,18.51094160921639,5.109840559423901,14.68148647469934,7.1362587452167645,13.364796880807262,35.88272734655766,53.96199862868525,16.23138102114899,8.871024554420728,4.141368567827158,118.71590609755367,6.62151482416084,2.742211783581297,12.254859080596361,11.299265810113866,5.616372766933637,8.232352899300167,6.11505760109867,83
125.27455846732482,2.9555989632208366,4.979094506939873,8.924953785317484,11.400400809186976,7.1787594822235405,3.810812942130724,16.325355177628808,25.0278668453102,6.0409880200750194,8.280432943283813,7.725625197723275,13.50618697993923,30.673331914586015,61.19258452008944,9.64453703747131,12.38651374343317,6.598261972278124,687.0982870236039,14.81047324789688,5.50101580566843,18.38557770004263,40.26955301820999,4.42191578092752,21.17815357405925,10.409162362688221,85
125.27455846732482,2.9555989632208366,4.979094506939873,8.924953785317484,11.400400809186976,7.1787594822235405,3.810812942130724,16.325355177628808,25.0278668453102,6.0409880200750194,8.280432943283813,7.725625197723275,13.50618697993923,30.673331914586015,61.19258452008944,9.64453703747131,12.38651374343317,6.598261972278124,687.0982870236039,14.81047324789688,5.50101580566843,18.38557770004263,40.26955301820999,4.42191578092752,21.17815357405925,10.409162362688221,85
128.34010160772596,63.08279602660332,32.22284989641048,9.326203333563171,3.0970374743192224,19.187440201931167,14.061357615806628,6.90491467420361,42.03209305595374,12.876491404720582,4.626409941993188,26.093551522528287,8.045505424437579,17.022899389325175,15.443786608986557,11.862758032046258,10.11854396079434,21.971882451092824,5.209691453841515,7.481774656363996,724.3888495638967,10.911885087669361,8.626782242237823,5.736707516160095,6.338949044671608,3.988733966878499,85
87.5058686833363,18.731968656298704,464.9714057594538,10.774071445281152,8.598183940863237,3.1715205228538252,7.107543671270832,2.5635640367108863,12.510398121201433,7.77152564068092,3.4825484185130335,3.8035507305467036,4.751827386207879,1.69833802744688,40.53631940088235,9.553684635611717,15.023549008881673,5.545225776557345,2.900729183515068,25.66983733791858,6.50631360168336,4.088578021444846,5.112818633962888,6.002742505457718,4.4242761489294935,2.1936107539804652,10
40.282513058395125,7.7382876969641075,8.521902376087382,25.17236454464728,14.760950114927255,9.486867131781764,2.2080959518789314,10.672434726729989,3.8238419916888233,7.078479905962013,5.551725564524531,6.507845240063034,12.29683168878546,6.012844874348957,464.1056694537401,4.439320025296183,5.133896245679352,4.095305480819661,4.7555499414447695,86.1126481469255,3.508698547782842,1.6912685703282477,3.1974851187260356,18.341870037838817,2.588329543315922,2.914973233419005,9
16.617010121583007,32.92548125842586,52.911467946833,111.11129709146917,24.364524651202373,6.17556275651441,5.221318362484453,7.895595132489689,10.11692745279288,14.211612771614455,5.700976991851348,6.776087699196069,12.488912076165434,3.681001831719186,560.9795355573297,7.3245785148465075,11.159879457671195,4.410611848317785,2.222056460203021,8.606449570215773,9.295386064623017,2.8018753267242573,4.8098179489024915,19.915669769747183,3.256185709135025,4.020176392339636,8
50.71187311317772,15.327376931905746,11.75623776356224,554.3727152869105,18.300030201731715,7.471678096713731,2.1064728086203104,13.250351257040165,10.597156359290238,5.472364243323682,8.096736928389873,8.778477890882641,9.573510941874702,6.871158727299189,103.10431954462547,5.88536648475565,23.055221000802703,2.689745128984214,4.25699021021137,6.336349133751355,5.03180033332319,4.652495388290845,3.8811476519040298,31.79047535418067,3.1150665827153716,3.5148812224069843,10
53.865196499740705,8.638045797881205,14.391861062089447,16.50482079340145,4.6062724837102,11.36195035855053,2.286275961843785,33.401658272370696,6.259318422729848,12.668325999460649,7.964604441454867,6.783767420944059,10.252077797136735,9.407247460621875,627.4757903814316,7.353668683615979,19.793951788451523,5.838430170610081,5.413355917291483,117.04335089377128,5.0021885918977205,4.2021926935995,3.8027126702072565,24.437831558578182,2.8905553992226487,3.354544557267218,56
807.5435035228729,147.2649262790801,26.959649613767397,17.757911857333966,44.06786906043999,12.394250360608567,70.53300456306897,14.691480181762017,13.454443894559518,5.060065118334023,16.122007280937396,10.637868243677076,6.191120128845796,33.20477928209584,5.657434967070003,19.922950929030776,11.480509605433326,8.498884600325255,22.917533565720078,3.423801364726387,6.728379285777919,9.827723640657496,4.305300095234998,9.130939684982877,7.904009490041062,7.319656128442148,3
17.074623535678256,15.765491380909225,9.637943782436196,29.265779049543198,124.91602441505529,45.948554337606765,5.335243322319002,21.911456181376707,12.41594818449812,8.790502926902263,26.34123727295082,38.386563858774025,251.3617843654938,13.450346291559981,33.162694213096984,11.41423704175395,7.83663824335963,23.921592356055044,79.93918128142832,1330.9032707884908,18.52772027743049,6.71077514544595,20.095806590863504,57.807251796883065,10.48754276134423,14.591791745391674,6
1343.7011004984379,240.7180365191307,75.00444345059805,115.66653633199167,43.19231203745585,22.968507457117084,11.98376740529784,25.17213519930374,31.500364458886907,27.84277252398897,17.78138654155191,15.193813954829238,20.99082606798038,10.985636244004127,54.603607892699074,36.27934990165522,19.3526752126636,10.073948407516582,6.359355021035299,13.038836108054966,16.418953325162875,8.394064045191044,9.217705156974262,14.099094585079001,7.458201246656245,5.002570953540271,59
1366.9861699566245,238.95133369159885,116.91695437359158,74.3625993692549,43.028252895281184,22.809253579354845,11.958222802059026,25.09300222044112,31.35335760912858,27.748928828630596,17.77614636445651,15.208113913191482,20.88866059819702,10.950401636364404,54.4976904183859,36.097614352591336,19.245579069305677,10.031633469334338,6.409451334664482,12.985042133223033,16.441756578657078,8.374777881152113,9.20541556266835,14.100209317955887,7.453976242279168,5.125460249721073,73
581.8734496161342,14.357330882747192,10.622957219951786,7.156422445143107,6.037947100005113,8.573084324132651,86.27371553331614,6.584229032567237,7.79548904922558,2.194148956477875,12.07244695915142,5.5793704116367735,4.792364643246401,24.426639264740516,1.700144235524931,17.715294138819445,4.42777280107839,5.1654599939938635,38.04527490702458,2.898584721624502,2.5777093618380604,9.524847616557963,3.2042577700631227,3.4956181788584217,4.107296229864005,3.798141182778636,62
88.33059591660276,1.7926531307166442,5.003617620997829,2.6983651553455275,5.80561631557066,7.4644213480642065,3.975354102993151,3.0365515381272417,9.837639999925159,2.2937397534842603,10.96871729241684,6.8442809004336596,6.249112399003934,14.723650172934867,3.6640879871265497,4.633342084096512,8.07402815768728,5.386168462689966,617.6232372894883,38.99315756675787,4.2959747300774325,8.873290342395194,18.309556562860962,12.486827733868267,25.274140084860846,3.3618701160885394,78
659.8439972773194,15.651595602044836,18.784787428507116,10.898475360649172,6.028253322496312,9.09905803221045,101.60999346559402,12.167551403283142,9.926577458565589,2.7109098145883763,13.742224432469811,7.676810435252264,5.557157486968208,23.520414838334545,2.1217063976073405,31.82929797936231,6.517649409797741,7.0342953819199465,47.99956234032288,3.9823792609095108,3.579607738472987,8.351654268568382,4.726604142895667,5.115121258597355,4.345318011561176,3.178994721820345,79
717.9186937138438,31.220118478988297,102.6487359746825,6.735777702619089,4.170113862666767,11.165748112776782,23.26425933558494,15.773769032384735,13.897434071055613,7.920602150144987,12.469333787157666,10.161923664796632,3.756950838927878,5.3919422304898035,8.612062069412787,47.63966488232836,18.670075767382514,4.988708363380283,9.331811997108161,7.301782485388685,4.5693047251261305,5.7955512658227235,6.243706750246929,3.326696130738128,2.830925143774948,2.194307104611653,77
16.028335176757537,2.197625300148502,11.252957094169687,4.5983190744009335,4.197968771652086,7.379793158819666,2.8694641582551412,799.8079550042748,6.319739346741699,12.538568530057091,7.96688722728868,10.289207383350004,9.401600890618283,14.069573973829392,107.22583410516381,49.85481774772052,19.056215951044578,8.643498516466934,6.826007911731722,32.113228695699945,5.018288757826667,3.796262625444797,5.861000105855055,23.8706010634196,3.3707266988785705,5.445521642657695,74
414.5573524311185,12.456725014548283,15.410440075676888,68.94931065954734,20.328783573408145,5.231943555409089,3.542503937613219,7.315342999994755,6.718947259883862,3.3012212172325235,9.038154959096573,5.639515092712827,8.058195433288347,3.8232449892093427,32.55870167911053,4.810968361969572,4.441588967805728,2.8097333676414564,4.096931274863891,6.138870437338483,3.0457160755759105,1.9555019570834702,2.5413819398381747,10.477044527360704,2.2638741823029704,1.4880053938541096,1
441.8926828876138,11.479378522373736,7.863012582005467,6.60268921853276,4.374641619157046,4.736058327893261,70.21546436089557,9.836723235377576,7.220877689193003,1.5971364619181259,13.548261424701195,6.033145184977911,3.2473169221775606,16.640988672384992,2.084595991866081,21.893590714782476,5.549788961710874,5.104252319375519,34.90627543407027,2.416016331757419,2.7188982709194534,8.662512785231229,3.001534424693091,3.7827189267845824,4.080234399356414,3.5112041008251254,1
6.461617320834193,2.934971379407216,7.737085026688874,3.440514176036231,4.635936612467049,11.01587997120805,3.1783005344332196,5.004741618206026,2.6432105796411633,3.9989410159469116,2.0283107597206254,71.30126511189155,34.032308068010025,4.280735708511202,8.484059110458475,1.5556385712698102,3.6986382639734074,13.00274432299193,15.940733698545955,462.2190494313836,9.595373758056667,2.3641636268876027,5.406662211113144,21.049297073623165,5.903311906615272,7.086510946974158,13
10.460199662658852,15.134614175243769,4.996709008613834,101.74167084915098,695.3473735302687,13.105292054417077,2.066577043122379,9.472503398079425,4.61533808769309,18.05679782712832,8.620647577859927,7.944117843871936,29.98646529467078,5.379776693938766,47.63000618026126,6.753596790047595,4.225606805412099,3.114503802280524,6.2550326413766015,11.604043213184923,3.894589892530348,2.6795041431323625,3.5195690882537747,22.274760579573922,7.317940775537863,5.802760024787858,16
918.5091062560678,36.828079860599246,27.51205135555938,122.99656868958846,57.42817098123487,10.577388788398821,7.624682731053326,12.644479954324197,8.949984509556089,4.758147614338668,18.296381916152313,11.518967206706293,14.071327582467347,7.095010793971596,21.895610059436876,8.26033456105506,6.125517269276315,3.26546512801724,9.775371923227794,6.586863165925024,5.646534798579523,3.7992016372882063,5.187560126534663,15.84217104013078,4.2913917257101275,2.51362748851534,41
29.355892784835305,7.254818986955797,106.89123986428604,5.766684772243025,5.380432968522655,6.714876691083191,680.3441943079233,3.8763182537222747,14.566608601599,45.45105982112,2.658877311143442,4.6289183523040265,6.2268945477262605,11.39466989011271,3.536219308327418,8.549837024358567,4.994046236912254,21.521626012166962,9.3428030332434,4.23026906143059,10.311938545492012,12.767404161742888,3.135005525095039,17.16363865992753,2.0491007904784055,7.886623319063801,20
109.18924590188544,9.975645130965859,13.767299369967077,15.711763978528325,9.144094490911812,5.763207734271418,3.32364690596296,30.81270235806005,6.68324619755731,7.783541350218002,12.32036061346298,8.419650803494733,3.7461964272661135,23.199929629801773,48.05613509414252,678.3153700828552,18.431259764300194,2.1847403938445495,4.504520708724158,7.217014180641854,4.110742595687043,2.808699127912405,4.912574538058834,11.068914499075618,5.332746053929441,6.216748860053485,20
124.74822956917342,11.445763899420854,15.651791901094839,17.8504806086421,10.49732517474331,6.609552361391252,3.823206210407079,35.77263709611725,7.661752143816557,8.91365208325442,13.994920004275627,9.676784692448564,4.283129674935481,26.54142154363217,54.598844583844766,832.6434521079063,20.95102942653466,2.5496948293439345,5.150627524009906,8.247034449334024,4.693245011847466,3.2638628921995405,5.606181438954081,12.634820592415053,6.095595035149017,7.0949636263540015,31
286.2827449515462,38.92494680627715,18.554298095288686,11.742611594032496,14.291858940036036,8.850869424291886,7.87978810351342,10.072591732023284,71.90752371354029,3.8040808114456013,5.914201544015668,2.4573804381361697,2.201684551255312,7.127630266302731,6.489663372689392,25.763261809479445,4.134598472563084,3.2044399059959687,3.4831569580710493,2.7033891174942255,4.501099492656067,5.43034183018608,2.9647294016031083,4.9283899831352755,1.905486482399283,1.479230706463568,52
12.558761291904375,10.502695053000934,6.975797961873468,4.599997461569728,15.722138251643628,6.44942750420887,119.31203011446632,9.649576310941484,8.1818826541421,36.21156606916338,7.521252087666653,11.462270059098955,3.7166887194034643,55.22557540447451,5.007194007950602,635.6823023855686,4.187693210260477,2.419904505397426,5.462484058050904,3.158696731145028,18.056040754832793,8.861493727948982,5.954784055385971,13.929711838194635,21.534766332479194,26.65526617784053,27
889.6405539959669,48.86395856324816,77.16093801264651,36.355876170040574,8.360223458090331,14.681215414369944,7.644838114880258,17.434285590075888,13.56116385414498,21.69641046941979,12.49788157234434,10.645158073952189,9.164907352387672,9.89933422289323,164.4887407021597,29.1425667143194,24.71807027212344,6.929675315594068,5.596090125050978,15.912969335040543,19.256446667772252,4.990511778029031,6.285269155196147,11.552342670765938,4.238438454151037,3.2821337658533594,24
825.4949857592583,46.00617788772797,69.05932476569433,33.47981405019527,19.514692099764943,9.088167748705018,7.627811570040649,14.345180898206308,9.73355574006564,22.225987522979267,10.534439074283,8.438300402718596,12.298942159744911,5.785825932747684,147.91871169826481,26.257428679266013,11.31596061628079,6.333526069181971,3.0110816558881197,17.284543480782304,15.65802546107443,3.838043967669364,6.935066755162552,13.224353969679214,5.07803489480284,4.512016468346701,27
731.6682064384222,9.084069658245426,10.736688182281796,52.52160617976915,33.06605364184361,6.2135589069803245,4.472484408848686,19.57185213448247,5.765941744932206,7.7991076768084895,13.024592697038315,6.689347199775511,11.812335407710634,14.61980629293248,119.43633093952667,24.298551273415796,7.205992687726393,2.333473710445105,9.848273868381511,16.58335029531736,5.3141896687448025,3.0234828152752016,4.036705185048049,8.39537102507893,3.582971323368838,4.89565745802247,25
456.1514661759138,14.828220669238362,12.40185417496832,4.646715690585552,37.47782468434889,18.471135704719927,3.365038888005074,79.10132805281319,8.887637373467442,8.102037111821119,6.2848404191900045,7.468598563980777,11.002760398841929,2.6724572129023727,24.280550524708815,5.0326662324077915,5.399360254406929,5.809747440973297,4.293174561869819,9.831386588572059,3.6669902074791025,3.04215575120179,6.812787331233267,1.7168171210505534,2.27300607500365,3.9794428700988647,11
12.44847912172554,76.24762042821385,8.086098394705914,431.9009783565998,37.28845156519674,4.228852205094881,3.883868473873008,6.2579158316366374,23.93229417334078,6.7640610067755915,3.281440565828234,2.973475084058009,4.9637727398076095,5.8031281747389585,14.71240954787936,5.360525585885625,10.953667580266483,2.614232538078795,2.253439171356149,1.688843791213003,8.837209052813705,7.444731589173898,3.5969823787454516,18.16518620873103,9.729745636868756,4.582590662554139,10
11.77079068555031,72.75953797227703,7.43147823412437,308.5874749869108,38.71297240932472,3.7774802466738038,3.4731808977667242,5.652631310455035,24.068398390547372,6.137068885203917,2.9144540030974895,2.660677222418599,4.406812223664019,5.201364457607269,14.253530651098117,4.793944233562797,10.222250765422359,2.3657874686759897,2.055942101753317,1.6239332087425282,8.15235855570063,6.725774654303677,3.1843677784781903,17.861832088092342,9.141240019584075,4.064715139218606,8
658.6351497173309,19.301755294087343,16.346773648110684,5.977447082696017,49.34362106467597,24.151776618498843,4.2988865599327255,105.64748322730884,11.501142104854807,10.428507184027694,8.11158148094546,9.562335376511328,14.359020181640517,3.429476848890772,31.93698260409292,6.466402748046676,6.985630458482774,7.527362432680093,5.523041762295179,12.808326566359028,4.695854961551959,3.900373571552336,8.799265452777036,2.251320063645835,2.9317003146134084,5.078783686331008,7
926.0973982736468,18.899972475948744,31.642497977940366,10.661346658424009,137.8155503483722,21.58276921301149,5.688181995443301,41.9683327441453,11.584094956400804,14.982005035039037,6.704024975275388,7.2847444139188156,25.52061270084232,5.146764909251942,65.21063825243618,7.892469439859269,4.539126176416175,12.650262383103836,8.529970104020322,16.66316357284086,9.186799628834706,9.907979951560264,13.707502453529742,3.02770707050513,3.8989549313264433,6.207125742424978,10
529.3866374790668,36.40867702383548,53.27499163267203,9.1654379471438,113.97728683648165,27.193887949804775,5.268564924743259,18.52616265998222,10.82316865544999,8.493686072411947,13.088715786638204,14.48102400812786,11.86465939268237,7.852406152844196,22.101223288686015,10.015539474319667,6.708117222588044,6.2195987593440805,7.24174752284307,16.17395045433659,5.73881720774807,4.818885258282535,4.382128368888516,3.3020575374539476,3.896847688680282,2.595782756587141,58
59.7101640405599,9.01562359224772,8.340250696317526,9.777360586682335,7.707766075618565,5.13613741620793,5.6115460719156545,15.515352490649093,39.5530609334819,10.661143165722024,3.5281951950892108,4.671142261126079,19.864812099956907,11.533789020148106,550.4915445297956,2.8135341372399125,23.720397362485528,17.350513327051885,29.10823583556339,122.40256392280571,6.594696774205659,12.615338123228867,6.071549067593878,13.895397516025696,7.139429251779802,4.170456999680027,66
902.7371761128306,188.5307883338537,95.8698484248016,26.73290428868495,7.096505367633654,34.52607272687601,13.46670708284364,50.45625724387355,14.583794473408489,10.543933943350567,17.095666724431794,18.577115603431594,12.422790860757232,40.98357169399969,24.064433958148584,66.51420292118564,30.019651538983453,6.081151513630175,9.72618323302595,8.904905548493844,4.743153075076407,11.499661944661057,20.1058051243308,15.787037919217255,21.91152624489041,8.019152175722411,67
65.69099045626353,27.183584644808434,12.68556644176715,924.6581475138664,11.680322806671029,15.966595206700731,4.783806271268986,34.999399070686195,24.452411139558535,14.758169645094313,41.20417462952901,13.704239241284085,18.811491743195802,30.644226389355026,96.46112739120144,22.289634618675336,190.27725505456328,6.190095384867163,8.985755832400173,7.211243203229969,10.64740792507655,20.43341849639546,9.798841574491234,50.05956437991699,17.304780648322776,8.11775389718241,67
158.18685971782543,16.51378305570688,37.770681650028564,20.07452133175684,8.667010010773083,25.946827369509265,838.1446142196655,15.175241424934939,18.132559630088508,74.72690231108572,6.651286115957191,7.26114080415573,13.931553104543127,50.274947274359874,4.547361651159008,30.505478226579726,6.034965952247148,12.820403189805802,11.788054548029322,7.9032571057614405,10.945904073101701,9.358702438039472,5.35892287142633,10.109347982681356,3.568625965155661,22.60104931180831,69
12.166097751643974,114.15119184786454,4.495564786688192,720.5108644887805,47.19755722791888,5.95753020371194,3.612530508922646,13.460075513401534,15.238317029317841,9.390964809223078,6.381101842591306,4.117198527092114,7.394593302858993,6.870232786750421,28.837862058135215,5.568806839379249,17.655259194318205,4.835443446907448,3.0518104087823303,2.2640827369323233,11.122147603367921,7.9768593579065055,5.200080840033479,21.655988947022706,10.221854845294729,8.66598253470147,8
129.94809484703,6.017724797973642,5.188233424152713,18.15113239636412,14.279020575457253,6.93464235207648,2.6438670436036773,26.050578561553266,3.5179212382790865,10.109096714411862,9.301249219570309,8.570427278871648,12.97349679848412,21.17442037491128,796.731224514544,15.919862694805488,11.881314126425423,7.434613589517539,35.04404135706136,56.25531411776319,7.98412833007751,4.727772190337419,6.471767214126885,10.943956348288339,5.591287541203201,4.154811480955686,9
1132.2515240311623,183.90561778424308,77.85254963301122,35.17514078266686,48.13377823284827,28.279442998813465,21.00016973708989,18.75524848495843,14.371534441888798,7.286254688369809,23.98622405581409,15.609985984279774,10.448707195930183,8.414500454004155,13.274624349432997,16.991304119874258,12.194702380278613,9.707700909435516,11.25186832313193,6.722161262121517,6.1015025297383545,9.01512073999038,7.873386714578373,4.551403353281785,5.38107578807103,3.4644672695576446,9
15.962072849273682,3.4054822931066155,1.1706216549500823,0.30229265172965825,0.5582100823521614,0.9188363212160766,1.7388306427747011,0.3632870146539062,0.44781407294794917,0.12513327319175005,0.25199801998678595,0.3953874947037548,0.16520359669812024,0.49049171060323715,0.10925650724675506,0.7051665096078068,0.19830495736096054,0.142640006612055,0.32653791969642043,0.06937367632053792,0.1838167899986729,0.21696973370853812,0.15354082523845136,0.09437134955078363,0.23127668432425708,0.2730840602889657,10
17.41657980531454,2.087003353983164,1.5659528151154518,6.037960443645716,0.9987184396013618,0.38691723556257784,0.19040049787145108,1.2421254189684987,0.7297237375751138,0.5930562252178788,0.5439887472894043,0.3281354915816337,0.4183675581589341,0.8557143337093294,3.1749437302351,0.6579213561490178,0.5005180365405977,0.2586185645777732,0.11916517856298015,0.30144972703419626,0.35812253854237497,0.2366044393274933,0.21526886010542512,0.46467974060215056,0.16932079393882304,0.1487436544848606,17
18.357850408297963,11.215651922277175,14.995422631443944,8.409807462070603,4.9557875079335645,24.17419595492538,559.1272208020091,6.653961691888981,7.209086622693576,87.77651727409102,4.263576951576397,4.593020344706019,5.709766539483098,9.152291276550386,1.8381759984913515,12.623971281398553,2.4427627397089964,6.149080147559289,7.758253540610895,5.339890102506615,10.041192254866473,3.6080299404857215,3.9423010183963925,3.2781759929202963,2.8991019012464676,38.48490509262774,16
629.6727203205228,20.453635175246745,41.41217880125623,13.890610555245075,16.52833264967194,12.168497707752977,10.859921147231944,5.584952602133853,9.793909524625633,8.23795495601371,2.574215469954652,8.948028519866057,7.579804981127381,3.7611312825465575,91.74920583388302,4.847288931865478,5.978091613855213,5.198973682388896,4.492532580567058,6.435440785775427,26.396281403955072,6.975737708213273,4.121075840579579,1.947880637308117,2.9900897891784552,3.4015046544081997,16
701.5982955023646,103.74190187826753,47.05730601551477,17.921594038023613,22.068816237035207,29.932656823657453,10.533441588806454,13.090684960538056,5.903961511212401,6.364028510404751,11.744519417756237,9.593107464606874,6.875969426066149,7.4507326683960855,15.027235355926678,8.828880204004236,8.12096286972519,4.329676487075631,5.4841021171887405,4.683225116546964,3.600887814507587,5.079137955530314,3.9551082898397,2.7287977809173753,3.1974099954240955,2.087557230333914,31
1203.4810382947326,175.7007119844202,76.07726609951351,28.87987872195663,35.487387232191395,46.8786699246848,17.044667951005977,21.17644065542845,9.709083504916634,10.43775237124646,19.008614162099548,15.576152767927852,11.280030027381144,12.17466629424598,24.303811532387044,14.376944662828464,13.240827599947806,7.187184704089304,9.025581312831491,7.773524403310148,5.991991176764714,8.380517446959857,6.562041046243394,4.5323976012005005,5.269432651053648,3.4433829000772675,43
236.65803495817818,1735.647370353341,50.41717358818278,107.36850361165125,29.714264597801957,40.25689659197815,34.17505863070255,10.808061974617885,67.46337069256697,17.073512214963557,7.389723324115039,13.56378307993873,8.361246023647254,18.604128637292888,12.570141065720236,20.169994453142863,15.772418234846555,11.677614057902247,6.323277788236737,4.740340701813693,26.584074576210696,23.978015309141483,14.619256451172987,9.156517769093625,21.934037076949608,9.973182734509464,42
1309.9083219766617,201.1128828310175,27.95881037117215,24.930178203445394,96.96178469702136,47.20427841285709,10.756339948886307,31.93587847542949,17.29918696306413,18.82736313494388,14.641218325938098,15.88760024268413,20.531460219062865,37.96613613644149,63.0609538431745,22.587210754398257,9.912673080136301,5.725999640766531,11.612807265657466,9.14331749410485,12.510863504052395,13.495194035785971,6.657552649980062,4.435817905337899,7.5625752832129365,8.373593975702533,14
1777.8036055788398,251.45975346665364,33.16630442457972,29.52134889556328,115.33942240010947,55.17990564432694,12.908025855751475,37.6368791401037,20.5015409354819,22.286513902188744,17.41435349243693,18.879155473900028,24.295334206544794,44.396962942380924,74.17535715608392,26.721945710363798,11.92061369374278,6.869412050029496,13.909903648396721,10.963121025968576,14.942101599503076,16.12687798315892,8.04990318165801,5.3510791822191095,9.127132019129931,10.053450523439096,28
2156.924273967743,307.63167114846874,39.17035012948327,34.99619665363571,138.52790511748753,65.2052546684281,15.30640412287903,44.61977570812451,24.26049408473773,26.391667045012582,20.6738115469052,22.344233891315525,28.888333451584913,52.66421912109945,88.70480024203425,31.644320021790918,14.084923448070185,8.13266156098689,16.52653790442855,12.912618491682224,17.80161360857892,19.212512458791025,9.483528282973566,6.3305653442657785,10.74409902044863,11.817229521198897,51
24.428727474529296,3.3147597640927415,12.114386889559682,6.402416790515417,8.92813711083727,7.6069857018010225,8.24344243510859,10.363313932350138,13.133935804245993,5.102422578580445,49.334743149986025,9.630904552759603,19.02623268472962,21.26813483115984,4.34174596030789,14.29107805545209,11.170371823187452,15.585722962336149,1090.7818620800972,17.19206654507434,5.790857256622985,36.11079011968104,168.88798458571546,28.98760762542952,75.96689732430968,6.994470146717504,78
36.87397507712012,17.504336791986134,15.944143467058893,7.78714248930919,5.952458622021368,14.609805749496445,79.33849855384324,10.596196308266371,50.1902102305321,19.36735881626373,3.4442770432069665,24.969520450104028,12.42303628497757,29.924972228182014,7.182194744236767,11.474768173182383,5.2526878923818,1119.5689946711063,13.465055217035115,181.9293483699439,21.785798711760435,9.102886073233094,8.420073673099978,9.833793106256053,4.490581066405866,6.567891962098656,86
24.640673570742365,11.872720083600143,13.865840377868153,5.8510440150566865,15.02579841989791,41.82865464128554,7.978579967544647,21.8475873239222,11.015598315221723,8.684893021301832,9.45067041341099,28.253608186729252,87.62330020905938,19.68050604389282,17.886105280544143,6.603331910155248,4.953137144504581,56.46063419053098,197.4489123688545,1235.8434026315808,10.201529080746695,7.30464297439903,12.829534520045854,33.63470855972264,3.8265518899279414,16.38803334563272,80
22.725360883865505,11.361333302076673,15.621268330723979,5.134796573620406,10.52764206167194,43.30772942781914,7.520585552992998,20.526795516139828,9.744135330693098,6.814701068622526,8.215267215884523,35.13551533053396,58.76173592353007,25.70099246967584,14.359629235055763,12.285701900807908,6.004522804127191,92.72609422786627,206.1046133741038,1377.099381186068,13.317107326816767,8.954662527568871,18.63186002970906,29.44153297878802,3.9448066741024377,17.03222576365806,79
94.41643762763124,13.477300640923204,9.871229757962283,1436.469764366746,17.346954087202903,8.397998318367172,6.1386766880896175,23.08368151372997,15.875140658405144,6.964228817552794,211.05614791286644,10.666320386662846,11.527183173486264,29.93175186822191,44.071088731172495,18.959253740205895,60.05299832241144,5.241189624663093,35.711796887626406,4.04158280849515,9.116336332430365,20.811211409629323,14.573284881771542,26.069789726578165,12.447020081308438,7.681623698095791,69
7.307117243763059,463.11339169740677,9.778438319743145,6.699699848191813,15.196653618302662,18.589928858564235,24.796482001431286,4.258895568782464,8.808122149901465,82.86528691300191,2.721417974389624,8.00494673702633,4.925472245231504,5.700965201132931,5.283289287239313,39.131452726433054,3.05579196344479,3.6412894685927313,1.796211872730055,3.3554267324798275,12.892874601006042,2.3276005378284026,4.56918966100784,3.935718877968611,6.182241287780926,11.062096114677843,7
7.307117243763059,463.11339169740677,9.778438319743145,6.699699848191813,15.196653618302662,18.589928858564235,24.796482001431286,4.258895568782464,8.808122149901465,82.86528691300191,2.721417974389624,8.00494673702633,4.925472245231504,5.700965201132931,5.283289287239313,39.131452726433054,3.05579196344479,3.6412894685927313,1.796211872730055,3.3554267324798275,12.892874601006042,2.3276005378284026,4.56918966100784,3.935718877968611,6.182241287780926,11.062096114677843,8
69.7629833468236,32.3635361911729,425.75380489230156,21.034297458594665,12.172176242922433,3.816608131484827,8.985912177304272,4.746520462853368,10.238968129269779,8.01346528553404,2.794514757290017,3.0486624104960356,4.410751326999161,1.4972987398214173,15.081253926851787,6.043742815440055,3.3097155891009606,5.563431945978664,2.2474907017312944,4.102095249982085,7.251592919055838,3.5546958959894255,5.158210930589121,6.580447198299225,2.5270199041697197,1.940802601951873,8
75.74701983155683,34.702820124919526,446.7084559351206,23.14071597403381,13.005319045158103,3.9930605116824154,9.395830745634157,4.965877167414874,10.798255268484354,8.383073899080046,2.887895477906568,3.150213789456757,4.608771377883386,1.5595446768420516,16.69191067002248,6.281451955146622,3.4095389482099563,5.810746713774279,2.3397392530168872,4.281903726514429,7.573153611039743,3.6865201994078234,5.398469773121178,6.8516939914552495,2.6162446439557243,2.0117725878662895,9
88.31543051637709,41.40682730230037,515.1279654502869,20.0419215913862,15.858423000085168,5.136043499573134,11.507584313920233,8.420369887782726,13.35460671724286,10.268664263305254,3.767616096272832,3.441952804772882,5.5386515890131705,1.8858924762171227,27.702626596554182,7.69530800281791,4.800870893668616,4.4339789329096675,2.778922523109941,7.091362526873127,6.567784492159262,4.076542520953808,6.007760944718029,9.26525491772918,3.1176941888406873,2.3899424852861557,10
42.38164599693846,557.1323408037424,20.16390174929984,90.33466162520926,15.953876198618673,27.460903629020322,10.56995417876169,6.259125654993113,11.819752900919411,3.5985873120371252,4.268890708335675,13.501546644896735,7.34396161895711,5.368206610815832,9.528549087059218,5.775471388536971,3.9397684444847982,4.987773312692298,3.261357151233824,7.953725985717028,6.791657426918391,4.627929481124738,2.889509626038489,8.683691744809039,2.4865896734409034,1.9166204790235497,13
86.56484626838937,40.6761912133079,541.4398302510381,9.148292274971027,8.33288865024224,4.451699275930878,15.436702005914412,3.8018947649979964,19.480475429678336,13.017169267986901,3.1499073882005177,5.161512354330625,4.790441916877171,1.8516547482140595,26.5965847998159,7.6403459457797,7.058734047051985,6.019700688542798,2.788746778634959,10.145219837431796,11.36917208461091,4.1096063503064215,5.556048252095934,6.539072667015716,3.471607873419998,2.4016556760907406,13
21.884874659765046,147.1330979227787,14.083791566547006,869.0988878905773,68.58776446501724,7.424644348328002,6.850140310300048,11.079603125806898,43.972684227861464,11.970553431252483,5.734816770796897,5.188294852428953,8.668588987085968,10.207065714115743,25.872392427758314,9.430324455723166,19.1263052058639,4.607105535455048,3.9538238033273956,3.071820788041805,15.47136407875223,12.956793278921396,6.290737049566815,32.211184138664976,17.08972199971322,8.033621383277932,85
22.832232667016797,156.4158740924904,14.719957250053994,935.2201440781355,71.10331409063656,7.704199971805792,7.116536827670643,11.438778219104279,45.4894063801039,12.42363412148552,5.923844440287212,5.384318743337644,9.028762592060957,10.585212233068887,26.918126775766723,9.781863859854639,20.08428180339979,4.7730696158105275,4.079347028397024,3.17916076547408,16.113472934928723,13.496913782844786,6.526273199822754,33.45215534744784,17.877212467836216,8.331904370192206,83
126.42302750900853,10.505439098342322,57.541088610189036,5.949524191353703,7.501096995663829,9.618179464072455,796.1460184007883,5.0741202056233305,15.540026981965639,35.70573610102292,3.7633274519175757,6.938573251012713,6.438795638416195,8.152385990542825,4.219890287058661,12.515059482655488,5.488560699042864,21.044349581119604,11.43776674370747,4.652258059330052,26.336617814260535,13.819114001875278,2.4260941394022666,8.844201659900136,3.1993661269079894,17.719380054040812,85
132.52489719132427,11.213676639716141,60.917628300376236,6.423224162659608,8.077146279392764,10.291562185797375,856.7107325643301,5.443274015706265,16.680179698159918,37.68189818668179,3.994550230418099,7.4955534209439065,6.932678964076331,8.766772372007836,4.502123568003299,13.419416042801458,5.929024950193707,22.488769043935463,12.20915428653825,4.979648958862526,27.8534044357948,14.847447989275679,2.590566308645066,9.476386415597517,3.3952889674401376,19.154991994495504,87
120.72018923121504,10.312125775497407,54.21575144841336,5.897639133560006,7.443394088302739,9.498619620513637,752.5434870570898,4.966975632443791,15.164266078500077,33.65542179928161,3.6133464323356748,6.874827123479918,6.360621645057108,8.05692876887042,4.101430566195631,12.233246210205834,5.423729131929576,20.459510871674865,11.216929087648168,4.522240535181481,25.477617870667018,13.616685119806789,2.3737303966190666,8.728399491577875,3.0839221316273324,17.438968280679546,86
37.28400866489392,58.191239981446415,19.354221752553713,8.137309070851188,7.51381605619099,8.816124637087341,16.830302102782298,2.62372517141921,138.84513818460982,6.455531946499832,3.417317233135691,28.476934367790818,5.011090998770669,9.543622277735267,22.917287275835406,13.536968430678826,5.954065850150073,14.9935639325995,10.385705542343203,11.32028185139643,930.0654419586062,6.970981402264442,5.479714276036248,4.557062552063144,12.295072493318003,4.02347480514436,83
42.401375595480204,67.60169409390073,22.065265839744825,9.237808563746512,8.53154770762194,9.980970189673826,19.257616494141985,2.9954611687280703,153.50703894579783,7.316053723712685,3.8604793109261664,32.14024648879422,5.649722321977606,10.822992387635168,26.051747751655057,15.464996410650201,6.722401963168522,17.127806727949064,11.811160824727267,12.916053272550926,1055.6836912333965,7.917550994083285,6.177866873942548,5.118843188916799,14.104714875749778,4.534893282834673,86
9.193589495436754,28.8703888397431,10.842882208991796,20.83655423024902,19.079723724746145,11.671607270749519,12.600979739712784,4.506047911345377,13.673225198348518,5.821673013706459,16.013357606425416,14.788764228782384,7.6619919998775,49.361362228693906,9.977250155818183,22.815268963051494,221.42389272293076,17.491787394159473,39.77212547749514,8.44555753894383,6.757557185395854,103.19059987866785,25.527824299642816,33.50522168871248,1452.2162066027522,65.95456437004032,90
2590.9306651726365,17.55984716268722,33.38907385064522,23.96656279391027,20.43594215766643,28.156521119584795,9.34367368844687,371.04021453799214,18.9340034914203,22.112553221784765,45.874666844378226,30.556120884837583,40.63906399329426,62.14233096980024,163.44887621357339,103.0496430376661,36.65569718496408,13.623120734962868,25.909433005930623,76.88729625777341,10.948373978666496,12.386713036496076,14.879626467940398,52.720456227543764,7.246754533538478,16.162773766409373,87
179.50064843695145,20.219144320872147,79.78101069969125,15.191629618930165,10.224598990113009,26.48456562962383,1331.9782798364758,8.192446060478687,22.94211973954225,51.22679495974444,6.906818602554267,8.840031045634532,9.51686844273354,38.5331427717465,5.5338439410115825,31.08071174507495,6.257807517438778,16.522807066794485,11.973150600446388,7.549823205568828,11.015286481764633,14.024416377884336,4.71763126332371,18.18879654671764,3.677894722961355,12.919731339090504,89
24.70209933881415,13.132664151053177,18.029982747888425,15.473011069261702,14.314297383156372,35.8359137873631,10.86158874789544,54.60828429221874,8.181407028852846,6.364085439578048,2820.0160186216235,26.85528147884179,29.327963071875274,16.72503098085872,40.466574489546474,22.73892566660652,90.14373436651658,19.418407409626525,143.9794566144119,46.41684729536064,20.977861391875194,326.17971496935934,32.24735661759041,67.36231134395348,12.039420669403626,9.601769311382668,75
43.69205328839598,35.009191690478474,22.90911278373096,13.194868255028268,24.797413591470104,16.924682705663145,31.848006420827005,98.84184631920652,10.547640918652178,74.56121984694619,9.002055872551864,19.636965561338002,38.87567725835834,59.92711084894836,14.411774201260414,21.16226963623194,7.005824881591252,158.65581602824386,50.41797077312367,357.36794871778693,15.645817071548663,11.926062077473034,29.123528286174405,18.24183470380376,26.856854051467963,3032.416463263333,86
76.93588210479356,452.1256128028035,12.053952249523718,22.388850539340638,35.006649162387475,3.640268095972715,14.161051130853593,7.675181404454634,9.340359848109074,2.395040851610247,8.431023635203019,4.963796683849068,4.264166647277307,2.027834135151352,6.957805722544435,17.263406120066065,10.59066397586139,3.0182163983699866,3.3304315627901815,1.5616934359422885,2.7130048350954894,4.59727277624188,5.383124628046062,5.8372449791640975,6.39749843662139,3.939967678335961,16
111.44153452268802,726.8558489233255,18.334724253974855,35.0460656931391,53.152736379764974,5.478850136336405,21.551043773943093,11.53926174127264,14.178931284171995,3.651520313185756,12.770489563408773,7.623371434019646,6.4931036462658085,3.1202532413008157,10.547566197405104,26.51310655195266,15.998940658580977,4.540798999165418,4.997150930255884,2.4203577088628663,4.080506319383858,7.017649029148743,8.181294339214219,8.864382133557228,9.610886037233286,5.989623228553683,21
130.39486461796332,843.6050290241838,19.789470902469475,39.03418889653403,60.16505912540015,6.026572676812066,23.388432778418064,12.57863431336591,15.411672116722912,3.997058306253166,13.929523448750842,8.32197411521338,7.124769028276205,3.4211220399738522,11.447121255041566,28.98786758031929,17.264725563523825,5.010997662349837,5.503383208590094,2.651900830824161,4.515815483639017,7.679351431666873,8.989979465317447,9.68062040884979,10.492640535347164,6.587222146859858,34
544.4690751209855,11.951479142066091,19.868010606092867,6.692145618086215,89.67616259015631,16.0586033462896,4.957625368493609,40.898820002912544,4.227633905975381,8.616924377158284,7.261071050539613,10.606605900626164,13.684963786159642,4.588802715821657,25.913136595627293,9.551056333933957,6.2159471974591725,5.760275608743541,3.54522498161532,5.357249622262316,2.8234708608943038,3.8721594751696102,7.933104892959818,1.8602739237830974,2.407366271421779,3.2028095301939175,8
20.748085538099986,10.285670182260219,15.145844727871008,34.676237481296994,5.923530435189605,7.137044493923895,2.79086351962178,5.0290567167976405,6.479561630287208,3.911991034692619,7.930432457535062,3.3166796628793236,5.464439533301629,3.049636437703157,710.2674944698811,4.252526637952542,8.923269939725287,1.765016292760265,3.600943527679192,12.164283397200052,4.64027517780778,2.2866648134659044,2.5338042157527525,78.24591764260549,1.3920650794607354,2.038666506181471,8
529.9177316203713,87.36116972216405,41.08136343467049,4.7896520788781345,13.01544461393496,26.489926295762416,19.238259085745085,6.4473768339375965,5.5199938765435945,15.488900804659352,4.153733398241457,11.313863742689136,7.619659133430105,5.9555183063203,8.279143239429686,9.111559404816944,3.833892109862063,5.1305494408879895,3.492426205484662,7.0052538245217875,10.143234583956655,1.8232090179953957,2.3716895098768873,3.17229072531336,2.7845048825838603,4.459654125559609,12
59.077925419900566,838.8647352382541,130.5079778979998,37.49951159191551,11.881382041436154,10.871631158224773,18.75116023729788,6.335345023951959,14.458528626477346,16.375297165301163,5.385667156486306,6.797264045424527,7.308277993783122,4.480212389680673,27.262267413316295,13.08171550987754,9.162299429473933,8.487441258213948,2.531830670006457,3.962927933462197,21.94990046788007,5.865865346422652,7.845257420383859,9.940785717917606,4.92316871197545,3.391626506811008,29
886.6744966134429,141.49109398305882,31.210341909027193,42.57140294054989,65.92076132853981,16.04977169452468,9.407118005270604,20.937555133132264,13.153064368467312,12.057797859190032,18.212026801833417,11.07498703157762,14.471387786034029,8.697538130159955,25.04749371705111,10.171168252971256,3.7004467748483876,5.400888657110045,6.893980332912179,7.4415290896140505,5.8747217988129705,6.377919947000919,4.911650720299804,8.03981696619303,2.8407532012060983,4.370283885902609,47
914.1913549378514,63.85260278743226,137.27734832046553,25.404803550976794,31.50789984263247,16.452082953997888,42.52168859925587,14.787346390832681,18.52054602635326,13.50891979195876,12.368662480381317,11.312757364707068,9.591311243188102,4.991059892476187,21.400086931709666,10.388075056078378,6.018109902710421,6.541114918567473,8.854256536666071,8.208368041814538,7.085688633582322,5.491746893414529,4.424764021081501,7.644640252692625,2.898251664824784,3.7565125409018947,49
857.8646861985326,20.050574177352246,118.68985758523922,31.713692701014224,12.090728907089215,24.39373961754609,13.296012273814995,16.810381161689293,6.965793873940129,5.616616244602483,7.491489943204215,10.256743592908606,9.478192667651456,14.766645734431222,50.35627162200399,11.122861756535713,8.084515349415597,4.737538989749737,8.724171852634754,6.524569758417783,4.316772926860722,5.160085133218672,3.8028392452251865,6.05072846240364,2.433091160390177,3.2013954981812276,6
984.0390246659517,135.77293472900055,37.45800474617863,17.37754044897156,19.813589761091862,23.424560319224838,60.1186156431213,9.394129859254463,10.166008119937032,28.5248415407259,4.961951873599901,14.158678749634419,11.049515541817527,11.970636125071906,15.638303899904713,12.978218228614423,5.444761730817845,8.112149895605398,6.986653514293721,8.738205053407,7.570512317935936,4.373859308383544,2.8063305230025435,6.492216290673241,3.683702453156002,5.945052731229225,14
1330.4401700869203,184.09668633970432,82.55118551349733,26.92444252379937,40.59162856900366,19.0374368900666,11.734147132257931,21.051047184562776,23.701462458644528,13.578070454823319,16.096600689692423,17.455686792556662,10.143622544041136,8.710867132322164,31.732773525174707,52.48865508730523,14.811994865885936,5.7610538505832665,7.157399924471974,12.599304391274927,10.892493009450845,3.6902971860108664,6.507250350085087,9.386342020559823,4.889822988654487,7.969551060756203,16
1440.2029515057802,196.42992585292086,89.81243962945882,28.9133205228718,43.719931214058306,20.474619229207747,12.491274919593707,22.596435351471882,25.435783802822698,14.51158129228861,17.211132990429178,18.71575004432816,10.779392486758297,9.220446837163763,34.076313490222674,56.39809201378375,15.840544991951901,6.09678554032871,7.582360502652591,13.441771607293049,11.615080001269234,3.9492752993974136,6.903936678529135,9.96845849105739,5.178818306958419,8.43357720921631,21
1063.0962521731853,146.81898037856445,63.13958113419358,18.007779671810567,39.48563946818467,24.203760231204797,8.251030861865729,13.318233473051805,15.994886206812225,11.295586251886562,9.538845438859425,12.270818064454943,7.122050427860813,10.33762209728593,20.537299285526387,29.871717548405286,8.858269529271638,6.100364555983106,7.691991482715821,6.608277371269651,14.503928668564186,5.119106442361954,4.49283779830148,2.9112140633369563,5.605470165464794,3.818458561974694,25
36.10075196501566,8.569148963317275,22.22228606895078,55.90545199648477,6.309413388080429,12.021169193263631,3.8596665635704994,27.643792120856233,13.278617547999602,10.109985679329839,5.3276784394693095,7.910903309035348,16.42718297743704,18.737260943336878,687.691861063242,9.296669983072206,10.988215894147288,4.41521025513066,6.8028399382019415,121.90823131648358,5.806667075463338,3.300404178429744,7.353359469736461,14.63700375665212,2.4937020744400797,4.882525765628088,89
124.72748034412507,24.259442227659747,702.752016544342,11.92977883660933,6.267126294464106,8.565101828164188,58.54553716746159,5.733783767558634,39.575031121843494,30.039003657118883,4.73063642589841,7.951572656573262,6.787267877662089,2.710344661201816,20.537401864596177,10.928914134157822,13.020898667280562,14.337483472772874,3.550975065838429,15.998749007529113,17.96466560283443,7.335777078173123,9.28416872274829,10.06297463516239,5.248576268350007,4.155290670518298,90
137.64027236693073,25.281590265396517,744.7203919813037,12.585958631767426,6.573479078157106,9.03642621464678,63.14848633133806,6.0258284923038445,41.71361805399647,31.516221356228925,4.960783492715564,8.363857268646825,7.131047356291674,2.8544221667107195,21.635629917669576,11.536214474181179,13.754132991889492,15.088767010776792,3.7577928765676916,16.771082639461383,18.909556014055852,7.71598884195555,9.781989474315196,10.63626749929972,5.494820871565025,4.365372906293487,91
44.00244170817314,27.07511782104848,22.902415157761425,146.7975064185448,17.84404780366458,13.51159473892767,7.708742238202831,12.392242026166059,875.4307563826442,7.090676317282487,5.381532606319524,9.71710650168825,5.961309067555703,9.015191014186712,65.95311670401134,10.50040087196976,33.4920042839949,3.082228558298084,11.376878802722786,6.516075931373052,14.792946177127305,16.144950363202952,8.336134827579372,20.159011112351436,4.739150745226652,4.076423277132562,93
810.4464753642678,60.95204211946111,134.66099426196888,8.186871935788076,11.22877014853293,10.35484610957792,40.80034838616848,12.10793588560773,20.68936581996968,30.75640525080962,5.995532097847899,6.500894880911801,4.976698466372909,4.3715692879632115,14.66034752712585,18.089450767904054,16.164395235769916,24.648501229996327,3.7275125520536676,13.331186797237024,9.581223015557043,7.041175277903676,7.598656585963909,8.834711853240151,5.442027715762379,2.8520609429106116,93
